{
  "marketing_stripe": {
    "text": "FRETE GRÁTIS A PARTIR DE R$400 REAIS EM COMPRAS",
    "link": "",
    "background": "#000000",
    "color": "#ffffff"
  },
  "contacts_stripe": {
    "pages": [],
    "phone_wpp": true,
    "socials": true
  },
  "categories_list": {
    "featured": [
      "/croppeds?CROPPEDS",
      "/vestidos?VESTIDOS",
      "/tenis?TÊNIS",
      "/saias?SAIAS",
      "/biquinis?BIQUÍNIS",
      "/ver-tudo?VER TUDO"
    ],
    "random": 0,
    "full_width": true
  },
  "desktop_megamenu": true,
  "search_input": true,
  "alphabetical_order_submenu": true,
  "full_width_submenu": true
}