{
  "meta_title": "",
  "meta_description": "",
  "sections": [
    {
      "type": "banner-slider",
      "autoplay": 9000,
      "full_width": false,
      "slides": [
        {
          "start": "",
          "end": "",
          "img": "/img/uploads/43483-my-project.jpg"
        },
        {
          "start": "",
          "end": "",
          "img": "/img/uploads/2-1-3-.png"
        }
      ]
    },
    {
      "type": "info-bar",
      "enabled": true
    },
    {
      "type": "collection-shelf",
      "shuffle": true,
      "limit": 12,
      "page": 1,
      "collection_id": "622a626a8bd0103c54ecc39c:categories:CROPPEDS:/croppeds",
      "sort": "news"
    },
    {
      "type": "collection-shelf",
      "shuffle": true,
      "limit": 12,
      "page": 1,
      "collection_id": "622a62728bd0103c54ecc3c1:categories:VESTIDOS:/vestidos",
      "sort": "news"
    },
    {
      "type": "collection-shelf",
      "shuffle": false,
      "limit": 12,
      "page": 1,
      "collection_id": "622a60488bd0103c54ecbd49:categories:CALÇAS:/calcas",
      "sort": "news"
    },
    {
      "type": "collection-shelf",
      "shuffle": true,
      "limit": 12,
      "page": 1,
      "collection_id": "622a933a8bd0103c54ed30dc:categories:BIQUÍNIS:/biquinis",
      "sort": "news"
    },
    {
      "type": "collection-shelf",
      "shuffle": true,
      "limit": 12,
      "page": 1,
      "collection_id": "62c482e4eb8591121676f2ed:categories:VER TUDO:/ver-tudo",
      "sort": "offers",
      "title": "PEÇAS NA PROMO"
    },
    {
      "type": "collection-shelf",
      "shuffle": false,
      "limit": 12,
      "page": 1,
      "collection_id": "63e55173f4167e223c891735:categories:CALÇADOS:/calcados",
      "sort": "news"
    }
  ]
}